-- Seed data for workflow automation platform

-- 1. Accounts
INSERT INTO accounts (id, email, username, password_hash, is_verified, created_at, updated_at) VALUES 
('a0000000-0000-0000-0000-000000000001', 'admin@example.com', 'admin', '$2a$10$onzmHCJ6pzZuUWvoDmbG5e9gbugYC8uqIui5YIQHy/75VUPyz73C.', true, CURRENT_TIMESTAMP, CURRENT_TIMESTAMP),
('a0000000-0000-0000-0000-000000000002', 'user@example.com', 'user1', '$2a$10$onzmHCJ6pzZuUWvoDmbG5e9gbugYC8uqIui5YIQHy/75VUPyz73C.', true, CURRENT_TIMESTAMP, CURRENT_TIMESTAMP),
('a0000000-0000-0000-0000-000000000003', 'test@example.com', 'testuser', '$2a$10$onzmHCJ6pzZuUWvoDmbG5e9gbugYC8uqIui5YIQHy/75VUPyz73C.', true, CURRENT_TIMESTAMP, CURRENT_TIMESTAMP);

-- 2. Users
INSERT INTO users (id, account_id, name, avatar_url, timezone, created_at, updated_at) VALUES 
('b0000000-0000-0000-0000-000000000001', 'a0000000-0000-0000-0000-000000000001', 'Admin User', 'https://api.dicebear.com/7.x/avataaars/svg?seed=admin', 'UTC', CURRENT_TIMESTAMP, CURRENT_TIMESTAMP),
('b0000000-0000-0000-0000-000000000002', 'a0000000-0000-0000-0000-000000000002', 'Regular User', 'https://api.dicebear.com/7.x/avataaars/svg?seed=user1', 'UTC', CURRENT_TIMESTAMP, CURRENT_TIMESTAMP),
('b0000000-0000-0000-0000-000000000003', 'a0000000-0000-0000-0000-000000000003', 'Test User', 'https://api.dicebear.com/7.x/avataaars/svg?seed=testuser', 'UTC', CURRENT_TIMESTAMP, CURRENT_TIMESTAMP);

-- 3. Workspaces
INSERT INTO workspaces (id, name, slug, owner_user_id, created_at, updated_at) VALUES 
('c0000000-0000-0000-0000-000000000001', 'Marketing Automation', 'marketing-automation', 'b0000000-0000-0000-0000-000000000001', CURRENT_TIMESTAMP, CURRENT_TIMESTAMP),
('c0000000-0000-0000-0000-000000000002', 'Engineering Onboarding', 'eng-onboarding', 'b0000000-0000-0000-0000-000000000001', CURRENT_TIMESTAMP, CURRENT_TIMESTAMP),
('c0000000-0000-0000-0000-000000000003', 'Personal Sandbox', 'personal-sandbox', 'b0000000-0000-0000-0000-000000000002', CURRENT_TIMESTAMP, CURRENT_TIMESTAMP);

-- 4. Workspace Members
INSERT INTO workspace_members (id, workspace_id, user_id, role, status, created_at, updated_at) VALUES 
-- Workspace 1 Members (Marketing Automation)
('dd000000-0000-0000-0000-000000000001', 'c0000000-0000-0000-0000-000000000001', 'b0000000-0000-0000-0000-000000000001', 'owner', 'active', CURRENT_TIMESTAMP, CURRENT_TIMESTAMP),
('dd000000-0000-0000-0000-000000000002', 'c0000000-0000-0000-0000-000000000001', 'b0000000-0000-0000-0000-000000000002', 'editor', 'active', CURRENT_TIMESTAMP, CURRENT_TIMESTAMP),
('dd000000-0000-0000-0000-000000000003', 'c0000000-0000-0000-0000-000000000001', 'b0000000-0000-0000-0000-000000000003', 'viewer', 'active', CURRENT_TIMESTAMP, CURRENT_TIMESTAMP),

-- Workspace 2 Members (Engineering Onboarding)
('ee000000-0000-0000-0000-000000000004', 'c0000000-0000-0000-0000-000000000002', 'b0000000-0000-0000-0000-000000000001', 'owner', 'active', CURRENT_TIMESTAMP, CURRENT_TIMESTAMP),
('ee000000-0000-0000-0000-000000000005', 'c0000000-0000-0000-0000-000000000002', 'b0000000-0000-0000-0000-000000000003', 'admin', 'active', CURRENT_TIMESTAMP, CURRENT_TIMESTAMP),

-- Workspace 3 Members (Personal Sandbox)
('ee000000-0000-0000-0000-000000000006', 'c0000000-0000-0000-0000-000000000003', 'b0000000-0000-0000-0000-000000000002', 'owner', 'active', CURRENT_TIMESTAMP, CURRENT_TIMESTAMP);


-- 5. Workspace Activities
INSERT INTO workspace_activities (id, workspace_id, user_id, action, created_at) VALUES 
('ff000000-0000-0000-0000-000000000001', 'c0000000-0000-0000-0000-000000000001', 'b0000000-0000-0000-0000-000000000001', 'created workflow "Lead Sync"', CURRENT_TIMESTAMP - INTERVAL '2 hours'),
('ff000000-0000-0000-0000-000000000002', 'c0000000-0000-0000-0000-000000000001', 'b0000000-0000-0000-0000-000000000002', 'edited trigger "Webhook Event"', CURRENT_TIMESTAMP - INTERVAL '1 hour'),
('ff000000-0000-0000-0000-000000000003', 'c0000000-0000-0000-0000-000000000002', 'b0000000-0000-0000-0000-000000000001', 'invited testuser to workspace', CURRENT_TIMESTAMP - INTERVAL '5 hours'),
('ff000000-0000-0000-0000-000000000004', 'c0000000-0000-0000-0000-000000000003', 'b0000000-0000-0000-0000-000000000002', 'updated workspace settings', CURRENT_TIMESTAMP - INTERVAL '1 day');
